sample_name	condition	pool
G4_1_G3	NTC_Stan_24Cy	NTC
G4_1_E2	NTC_Stan_24Cy	NTC
G4_1_E3	NTC_Stan_24Cy	NTC
G4_1_F2	NTC_Stan_24Cy	NTC
G4_1_G2	NTC_Stan_24Cy	NTC
G4_1_F4	NTC_Stan_24Cy	NTC
G4_1_F3	NTC_Stan_24Cy	NTC
G4_1_G4	NTC_Stan_24Cy	NTC
G4_1_E4	NTC_Stan_24Cy	NTC
G4_1_F7	NTC_Trunc50_24Cy	NTC
G4_1_E1	NTC_Stan_24Cy	NTC
G4_1_F1	NTC_Stan_24Cy	NTC
G4_1_H11	NTC_Trunc53_24Cy	NTC
G4_1_E11	NTC_Trunc53_24Cy	NTC
G4_1_G1	NTC_Stan_24Cy	NTC
G4_1_F11	NTC_Trunc53_24Cy	NTC
G4_1_F8	NTC_Trunc50_24Cy	NTC
G4_1_G11	NTC_Trunc53_24Cy	NTC
G4_1_G12	NTC_Trunc53_24Cy	NTC
G4_1_F12	NTC_Trunc53_24Cy	NTC
G4_1_F10	NTC_Trunc53_24Cy	NTC
G4_1_E12	NTC_Trunc53_24Cy	NTC
G4_1_G6	NTC_Trunc50_24Cy	NTC
G4_1_G7	NTC_Trunc50_24Cy	NTC
G4_1_E8	NTC_Trunc50_24Cy	NTC
G4_1_E6	NTC_Trunc50_24Cy	NTC
G4_1_G10	NTC_Trunc53_24Cy	NTC
G4_1_F9	NTC_Trunc53_24Cy	NTC
G4_1_F6	NTC_Trunc50_24Cy	NTC
G4_1_E10	NTC_Trunc53_24Cy	NTC
G4_1_G8	NTC_Trunc50_24Cy	NTC
G4_1_F5	NTC_Trunc50_24Cy	NTC
G4_1_G5	NTC_Trunc50_24Cy	NTC
G4_1_G9	NTC_Trunc53_24Cy	NTC
G4_1_E7	NTC_Trunc50_24Cy	NTC
G4_1_E5	NTC_Trunc50_24Cy	NTC
G4_1_E9	NTC_Trunc53_24Cy	NTC
G4_1_H5	NTC_Trunc50_24Cy	NTC
G4_2_F2	NTC_Stan_18Cy	NTC
G4_2_G3	NTC_Stan_18Cy	NTC
G4_2_E2	NTC_Stan_18Cy	NTC
G4_2_H3	NTC_Stan_18Cy	NTC
G4_2_F3	NTC_Stan_18Cy	NTC
G4_2_E4	NTC_Stan_18Cy	NTC
G4_2_G2	NTC_Stan_18Cy	NTC
G4_2_F1	NTC_Stan_18Cy	NTC
G4_2_F4	NTC_Stan_18Cy	NTC
G4_2_G4	NTC_Stan_18Cy	NTC
G4_2_E3	NTC_Stan_18Cy	NTC
G4_2_E10	NTC_Trunc53_18Cy	NTC
G4_1_H6	NTC_Trunc50_24Cy	NTC
G4_2_E1	NTC_Stan_18Cy	NTC
G4_1_H12	NTC_Trunc53_24Cy	NTC
G4_2_G12	NTC_Trunc53_18Cy	NTC
G4_2_G1	NTC_Stan_18Cy	NTC
G4_2_F12	NTC_Trunc53_18Cy	NTC
G4_2_G11	NTC_Trunc53_18Cy	NTC
G4_2_F9	NTC_Trunc53_18Cy	NTC
G4_2_F11	NTC_Trunc53_18Cy	NTC
G4_2_H4	NTC_Stan_18Cy	NTC
G4_2_F7	NTC_Trunc50_18Cy	NTC
G4_2_G10	NTC_Trunc53_18Cy	NTC
G4_2_E11	NTC_Trunc53_18Cy	NTC
G4_2_E6	NTC_Trunc50_18Cy	NTC
G4_2_G8	NTC_Trunc50_18Cy	NTC
G4_2_F8	NTC_Trunc50_18Cy	NTC
G4_2_F10	NTC_Trunc53_18Cy	NTC
G4_2_E7	NTC_Trunc50_18Cy	NTC
G4_2_E12	NTC_Trunc53_18Cy	NTC
G4_2_F6	NTC_Trunc50_18Cy	NTC
G4_2_E8	NTC_Trunc50_18Cy	NTC
G4_2_G5	NTC_Trunc50_18Cy	NTC
G4_2_G9	NTC_Trunc53_18Cy	NTC
G4_2_E5	NTC_Trunc50_18Cy	NTC
G4_2_G6	NTC_Trunc50_18Cy	NTC
G4_2_F5	NTC_Trunc50_18Cy	NTC
G4_2_H9	NTC_Trunc53_18Cy	NTC
G4_2_E9	NTC_Trunc53_18Cy	NTC
G4_2_H5	NTC_Trunc50_18Cy	NTC
G4_1_H9	NTC_Trunc53_24Cy	NTC
G4_2_G7	NTC_Trunc50_18Cy	NTC
G4_2_H7	NTC_Trunc50_18Cy	NTC
G4_1_H2	NTC_Stan_24Cy	NTC
G4_2_H10	NTC_Trunc53_18Cy	NTC
G4_2_H6	NTC_Trunc50_18Cy	NTC
G4_1_H1	NTC_Stan_24Cy	NTC
G4_2_H2	NTC_Stan_18Cy	NTC
G4_1_H10	NTC_Trunc53_24Cy	NTC
G4_2_H11	NTC_Trunc53_18Cy	NTC
G4_1_H3	NTC_Stan_24Cy	NTC
G4_1_H4	NTC_Stan_24Cy	NTC
G4_1_H7	NTC_Trunc50_24Cy	NTC
G4_1_H8	NTC_Trunc50_24Cy	NTC
G4_2_H1	NTC_Stan_18Cy	NTC
G4_2_H12	NTC_Trunc53_18Cy	NTC
G4_2_H8	NTC_Trunc50_18Cy	NTC
G4_2_A7	Feces_Trunc50_Targ350FL	Pool1
G4_2_B12	Feces_Trunc53_Targ350FL	Pool2
G4_2_C12	Feces_Trunc53_Targ350FL	Pool3
G4_2_D12	Feces_Trunc53_Targ350FL	Pool4
G4_1_C12	Feces_Trunc53_24Cy	Pool5
G4_2_D11	Feces_Trunc53_Targ350FL	Pool6
G4_2_A11	Feces_Trunc53_Targ350FL	Pool7
G4_2_A6	Feces_Trunc50_Targ350FL	Pool8
G4_2_A10	Feces_Trunc53_Targ350FL	Pool9
G4_1_D3	Feces_Stan_24Cy	Pool10
G4_1_B3	Feces_Stan_24Cy	Pool11
G4_1_D12	Feces_Trunc53_24Cy	Pool12
G4_2_A8	Feces_Trunc50_Targ350FL	Pool13
G4_1_B8	Feces_Trunc50_24Cy	Pool14
G4_2_B2	Feces_Stan_Targ350FL	Pool15
G4_1_A8	Feces_Trunc50_24Cy	Pool16
G4_2_D10	Feces_Trunc53_Targ350FL	Pool17
G4_1_C8	Feces_Trunc50_24Cy	Pool18
G4_2_B10	Feces_Trunc53_Targ350FL	Pool19
G4_1_B12	Feces_Trunc53_24Cy	Pool20
G4_1_D8	Feces_Trunc50_24Cy	Pool21
G4_1_C3	Feces_Stan_24Cy	Pool22
G4_2_A3	Feces_Stan_Targ350FL	Pool23
G4_1_A3	Feces_Stan_24Cy	Pool24
G4_2_D4	Feces_Stan_Targ350FL	Pool25
G4_2_D2	Feces_Stan_Targ350FL	Pool26
G4_2_A4	Feces_Stan_Targ350FL	Pool27
G4_2_C3	Feces_Stan_Targ350FL	Pool28
G4_2_C2	Feces_Stan_Targ350FL	Pool29
G4_1_C2	Feces_Stan_24Cy	Pool30
G4_2_C4	Feces_Stan_Targ350FL	Pool31
G4_2_B11	Feces_Trunc53_Targ350FL	Pool32
G4_1_C11	Feces_Trunc53_24Cy	Pool33
G4_1_A2	Feces_Stan_24Cy	Pool34
G4_1_B2	Feces_Stan_24Cy	Pool35
G4_2_A9	Feces_Trunc53_Targ350FL	Pool36
G4_1_A4	Feces_Stan_24Cy	Pool37
G4_2_A2	Feces_Stan_Targ350FL	Pool38
G4_1_C4	Feces_Stan_24Cy	Pool39
G4_1_B11	Feces_Trunc53_24Cy	Pool40
G4_2_A5	Feces_Trunc50_Targ350FL	Pool41
G4_1_B4	Feces_Stan_24Cy	Pool42
G4_2_C11	Feces_Trunc53_Targ350FL	Pool43
G4_1_B7	Feces_Trunc50_24Cy	Pool44
G4_2_B1	Feces_Stan_Targ350FL	Pool45
G4_1_D4	Feces_Stan_24Cy	Pool46
G4_1_D11	Feces_Trunc53_24Cy	Pool47
G4_2_D7	Feces_Trunc50_Targ350FL	Pool48
G4_1_B1	Feces_Stan_24Cy	Pool49
G4_1_D7	Feces_Trunc50_24Cy	Pool50
G4_1_D2	Feces_Stan_24Cy	Pool51
G4_1_A11	Feces_Trunc53_24Cy	Pool52
G4_2_B7	Feces_Trunc50_Targ350FL	Pool53
G4_2_D8	Feces_Trunc50_Targ350FL	Pool54
G4_2_C1	Feces_Stan_Targ350FL	Pool55
G4_2_B8	Feces_Trunc50_Targ350FL	Pool56
G4_2_C8	Feces_Trunc50_Targ350FL	Pool57
G4_1_C7	Feces_Trunc50_24Cy	Pool58
G4_1_C1	Feces_Stan_24Cy	Pool59
G4_2_D1	Feces_Stan_Targ350FL	Pool60
G4_2_C10	Feces_Trunc53_Targ350FL	Pool61
G4_2_C9	Feces_Trunc53_Targ350FL	Pool62
G4_2_D5	Feces_Trunc50_Targ350FL	Pool63
G4_2_D9	Feces_Trunc53_Targ350FL	Trunc53_Targ350FL
G4_2_C7	Feces_Trunc50_Targ350FL	Pool65
G4_1_D1	Feces_Stan_24Cy	Pool66
G4_1_A7	Feces_Trunc50_24Cy	Pool67
G4_2_B6	Feces_Trunc50_Targ350FL	Pool68
G4_2_D3	Feces_Stan_Targ350FL	Stan_Targ350FL
G4_2_C6	Feces_Trunc50_Targ350FL	Pool70
G4_2_C5	Feces_Trunc50_Targ350FL	Pool71
G4_2_D6	Feces_Trunc50_Targ350FL	Pool72
G4_1_C10	Feces_Trunc53_24Cy	Pool73
G4_1_A6	Feces_Trunc50_24Cy	Pool74
G4_1_D6	Feces_Trunc50_24Cy	Pool75
G4_1_C6	Feces_Trunc50_24Cy	Pool76
G4_2_B5	Feces_Trunc50_Targ350FL	Pool77
G4_1_B6	Feces_Trunc50_24Cy	Pool78
G4_1_D10	Feces_Trunc53_24Cy	Pool79
G4_1_B10	Feces_Trunc53_24Cy	Pool80
G4_1_A10	Feces_Trunc53_24Cy	Pool81
G4_1_B9	Feces_Trunc53_24Cy	Pool82
G4_1_C9	Feces_Trunc53_24Cy	Trunc53_24Cy
G4_1_D9	Feces_Trunc53_24Cy	Trunc53_24Cy
G4_1_D5	Feces_Trunc50_24Cy	Trunc50_24Cy
G4_1_B5	Feces_Trunc50_24Cy	Trunc50_24Cy
G4_1_A5	Feces_Trunc50_24Cy	Trunc50_24Cy
G4_1_C5	Feces_Trunc50_24Cy	Trunc50_24Cy
G4_1_A9	Feces_Trunc53_24Cy	Trunc53_24Cy
G4_2_B9	Feces_Trunc53_Targ350FL	Trunc53_Targ350FL
G4_2_A1	Feces_Stan_Targ350FL	Stan_Targ350FL
G4_2_B4	Feces_Stan_Targ350FL	Stan_Targ350FL
G4_2_B3	Feces_Stan_Targ350FL	Stan_Targ350FL
G4_2_A12	Feces_Trunc53_Targ350FL	Trunc53_Targ350FL
