sample_name	condition	pool
G6_3_A1	Skin_Stan_24Cy	Pool13
G6_3_A10	Skin_Trunc53_24Cy	Pool32
G6_3_A11	Skin_Trunc53_24Cy	Pool26
G6_3_A12	Skin_Trunc53_24Cy	Trunc53_24Cy
G6_3_A2	Skin_Stan_24Cy	Pool74
G6_3_A3	Skin_Stan_24Cy	Pool70
G6_3_A4	Skin_Stan_24Cy	Pool77
G6_3_A5	Skin_Trunc50_24Cy	Trunc50_24Cy
G6_3_A6	Skin_Trunc50_24Cy	Pool20
G6_3_A7	Skin_Trunc50_24Cy	Pool38
G6_3_A8	Skin_Trunc50_24Cy	Pool19
G6_3_A9	Skin_Trunc53_24Cy	Trunc53_24Cy
G6_3_B1	Skin_Stan_24Cy	Pool24
G6_3_B10	Skin_Trunc53_24Cy	Pool18
G6_3_B11	Skin_Trunc53_24Cy	Pool66
G6_3_B12	Skin_Trunc53_24Cy	Pool34
G6_3_B2	Skin_Stan_24Cy	Pool10
G6_3_B3	Skin_Stan_24Cy	Pool69
G6_3_B4	Skin_Stan_24Cy	Pool76
G6_3_B5	Skin_Trunc50_24Cy	Pool16
G6_3_B6	Skin_Trunc50_24Cy	Trunc50_24Cy
G6_3_B7	Skin_Trunc50_24Cy	Pool44
G6_3_B8	Skin_Trunc50_24Cy	Pool37
G6_3_B9	Skin_Trunc53_24Cy	Pool8
G6_3_C1	Skin_Stan_24Cy	Pool31
G6_3_C10	Skin_Trunc53_24Cy	Pool27
G6_3_C11	Skin_Trunc53_24Cy	Pool75
G6_3_C12	Skin_Trunc53_24Cy	Pool54
G6_3_C2	Skin_Stan_24Cy	Pool65
G6_3_C3	Skin_Stan_24Cy	Pool72
G6_3_C4	Skin_Stan_24Cy	Pool79
G6_3_C5	Skin_Trunc50_24Cy	Pool17
G6_3_C6	Skin_Trunc50_24Cy	Pool36
G6_3_C7	Skin_Trunc50_24Cy	Pool33
G6_3_C8	Skin_Trunc50_24Cy	Pool62
G6_3_C9	Skin_Trunc53_24Cy	Pool11
G6_3_D1	Skin_Stan_24Cy	Pool40
G6_3_D10	Skin_Trunc53_24Cy	Pool25
G6_3_D11	Skin_Trunc53_24Cy	Pool21
G6_3_D12	Skin_Trunc53_24Cy	Pool52
G6_3_D2	Skin_Stan_24Cy	Pool71
G6_3_D3	Skin_Stan_24Cy	Pool68
G6_3_D4	Skin_Stan_24Cy	Pool78
G6_3_D5	Skin_Trunc50_24Cy	Pool23
G6_3_D6	Skin_Trunc50_24Cy	Pool35
G6_3_D7	Skin_Trunc50_24Cy	Pool22
G6_3_D8	Skin_Trunc50_24Cy	Pool55
G6_3_D9	Skin_Trunc53_24Cy	Pool15
G6_3_E1	NTC_Stan_24Cy	NTC
G6_3_E10	NTC_Trunc53_24Cy	NTC
G6_3_E11	NTC_Trunc53_24Cy	NTC
G6_3_E12	NTC_Trunc53_24Cy	NTC
G6_3_E2	NTC_Stan_24Cy	NTC
G6_3_E3	NTC_Stan_24Cy	NTC
G6_3_E4	NTC_Stan_24Cy	NTC
G6_3_E5	NTC_Trunc50_24Cy	NTC
G6_3_E6	NTC_Trunc50_24Cy	NTC
G6_3_E7	NTC_Trunc50_24Cy	NTC
G6_3_E8	NTC_Trunc50_24Cy	NTC
G6_3_E9	NTC_Trunc53_24Cy	NTC
G6_3_F1	NTC_Stan_24Cy	NTC
G6_3_F10	NTC_Trunc53_24Cy	NTC
G6_3_F11	NTC_Trunc53_24Cy	NTC
G6_3_F12	NTC_Trunc53_24Cy	NTC
G6_3_F2	NTC_Stan_24Cy	NTC
G6_3_F3	NTC_Stan_24Cy	NTC
G6_3_F4	NTC_Stan_24Cy	NTC
G6_3_F5	NTC_Trunc50_24Cy	NTC
G6_3_F6	NTC_Trunc50_24Cy	NTC
G6_3_F7	NTC_Trunc50_24Cy	NTC
G6_3_F8	NTC_Trunc50_24Cy	NTC
G6_3_F9	NTC_Trunc53_24Cy	NTC
G6_3_G1	NTC_Stan_24Cy	NTC
G6_3_G10	NTC_Trunc53_24Cy	NTC
G6_3_G11	NTC_Trunc53_24Cy	NTC
G6_3_G12	NTC_Trunc53_24Cy	NTC
G6_3_G2	NTC_Stan_24Cy	NTC
G6_3_G3	NTC_Stan_24Cy	NTC
G6_3_G4	NTC_Stan_24Cy	NTC
G6_3_G5	NTC_Trunc50_24Cy	NTC
G6_3_G6	NTC_Trunc50_24Cy	NTC
G6_3_G7	NTC_Trunc50_24Cy	NTC
G6_3_G8	NTC_Trunc50_24Cy	NTC
G6_3_G9	NTC_Trunc53_24Cy	NTC
G6_3_H1	NTC_Stan_24Cy	NTC
G6_3_H10	NTC_Trunc53_24Cy	NTC
G6_3_H11	NTC_Trunc53_24Cy	NTC
G6_3_H12	NTC_Trunc53_24Cy	NTC
G6_3_H2	NTC_Stan_24Cy	NTC
G6_3_H3	NTC_Stan_24Cy	NTC
G6_3_H4	NTC_Stan_24Cy	NTC
G6_3_H5	NTC_Trunc50_24Cy	NTC
G6_3_H6	NTC_Trunc50_24Cy	NTC
G6_3_H7	NTC_Trunc50_24Cy	NTC
G6_3_H8	NTC_Trunc50_24Cy	NTC
G6_3_H9	NTC_Trunc53_24Cy	NTC
G6_4_A1	Skin_Stan_Targ2500FL	Stan_Targ2500FL
G6_4_A10	Skin_Trunc53_Targ2500FL	Pool51
G6_4_A11	Skin_Trunc53_Targ2500FL	Pool45
G6_4_A12	Skin_Trunc53_Targ2500FL	Trunc53_Targ2500FL
G6_4_A2	Skin_Stan_Targ2500FL	Pool56
G6_4_A3	Skin_Stan_Targ2500FL	Stan_Targ2500FL
G6_4_A4	Skin_Stan_Targ2500FL	Pool53
G6_4_A5	Skin_Trunc50_Targ2500FL	Pool9
G6_4_A6	Skin_Trunc50_Targ2500FL	Pool12
G6_4_A7	Skin_Trunc50_Targ2500FL	Trunc50_Targ2500FL
G6_4_A8	Skin_Trunc50_Targ2500FL	Pool14
G6_4_A9	Skin_Trunc53_Targ2500FL	Trunc53_Targ2500FL
G6_4_B1	Skin_Stan_Targ2500FL	Pool58
G6_4_B10	Skin_Trunc53_Targ2500FL	Pool43
G6_4_B11	Skin_Trunc53_Targ2500FL	Pool63
G6_4_B12	Skin_Trunc53_Targ2500FL	Pool59
G6_4_B2	Skin_Stan_Targ2500FL	Pool48
G6_4_B3	Skin_Stan_Targ2500FL	Pool73
G6_4_B4	Skin_Stan_Targ2500FL	Pool49
G6_4_B5	Skin_Trunc50_Targ2500FL	Trunc50_Targ2500FL
G6_4_B6	Skin_Trunc50_Targ2500FL	Trunc50_Targ2500FL
G6_4_B7	Skin_Trunc50_Targ2500FL	Pool6
G6_4_B8	Skin_Trunc50_Targ2500FL	Pool4
G6_4_B9	Skin_Trunc53_Targ2500FL	Pool28
G6_4_C1	Skin_Stan_Targ2500FL	Pool60
G6_4_C10	Skin_Trunc53_Targ2500FL	Pool42
G6_4_C11	Skin_Trunc53_Targ2500FL	Pool61
G6_4_C12	Skin_Trunc53_Targ2500FL	Trunc53_Targ2500FL
G6_4_C2	Skin_Stan_Targ2500FL	Pool46
G6_4_C3	Skin_Stan_Targ2500FL	Pool64
G6_4_C4	Skin_Stan_Targ2500FL	Pool50
G6_4_C5	Skin_Trunc50_Targ2500FL	Trunc50_Targ2500FL
G6_4_C6	Skin_Trunc50_Targ2500FL	Pool7
G6_4_C7	Skin_Trunc50_Targ2500FL	Trunc50_Targ2500FL
G6_4_C8	Skin_Trunc50_Targ2500FL	Pool5
G6_4_C9	Skin_Trunc53_Targ2500FL	Pool29
G6_4_D1	Skin_Stan_Targ2500FL	Pool39
G6_4_D10	Skin_Trunc53_Targ2500FL	Pool41
G6_4_D11	Skin_Trunc53_Targ2500FL	Pool67
G6_4_D12	Skin_Trunc53_Targ2500FL	Trunc53_Targ2500FL
G6_4_D2	Skin_Stan_Targ2500FL	Stan_Targ2500FL
G6_4_D3	Skin_Stan_Targ2500FL	Pool57
G6_4_D4	Skin_Stan_Targ2500FL	Pool47
G6_4_D5	Skin_Trunc50_Targ2500FL	Pool1
G6_4_D6	Skin_Trunc50_Targ2500FL	Trunc50_Targ2500FL
G6_4_D7	Skin_Trunc50_Targ2500FL	Pool2
G6_4_D8	Skin_Trunc50_Targ2500FL	Pool3
G6_4_D9	Skin_Trunc53_Targ2500FL	Pool30
G6_4_E1	NTC_Stan_20Cy	NTC
G6_4_E10	NTC_Trunc53_20Cy	NTC
G6_4_E11	NTC_Trunc53_20Cy	NTC
G6_4_E12	NTC_Trunc53_20Cy	NTC
G6_4_E2	NTC_Stan_20Cy	NTC
G6_4_E3	NTC_Stan_20Cy	NTC
G6_4_E4	NTC_Stan_20Cy	NTC
G6_4_E5	NTC_Trunc50_20Cy	NTC
G6_4_E6	NTC_Trunc50_20Cy	NTC
G6_4_E7	NTC_Trunc50_20Cy	NTC
G6_4_E8	NTC_Trunc50_20Cy	NTC
G6_4_E9	NTC_Trunc53_20Cy	NTC
G6_4_F1	NTC_Stan_20Cy	NTC
G6_4_F10	NTC_Trunc53_20Cy	NTC
G6_4_F11	NTC_Trunc53_20Cy	NTC
G6_4_F12	NTC_Trunc53_20Cy	NTC
G6_4_F2	NTC_Stan_20Cy	NTC
G6_4_F3	NTC_Stan_20Cy	NTC
G6_4_F4	NTC_Stan_20Cy	NTC
G6_4_F5	NTC_Trunc50_20Cy	NTC
G6_4_F6	NTC_Trunc50_20Cy	NTC
G6_4_F7	NTC_Trunc50_20Cy	NTC
G6_4_F8	NTC_Trunc50_20Cy	NTC
G6_4_F9	NTC_Trunc53_20Cy	NTC
G6_4_G1	NTC_Stan_20Cy	NTC
G6_4_G10	NTC_Trunc53_20Cy	NTC
G6_4_G11	NTC_Trunc53_20Cy	NTC
G6_4_G12	NTC_Trunc53_20Cy	NTC
G6_4_G2	NTC_Stan_20Cy	NTC
G6_4_G3	NTC_Stan_20Cy	NTC
G6_4_G4	NTC_Stan_20Cy	NTC
G6_4_G5	NTC_Trunc50_20Cy	NTC
G6_4_G6	NTC_Trunc50_20Cy	NTC
G6_4_G7	NTC_Trunc50_20Cy	NTC
G6_4_G8	NTC_Trunc50_20Cy	NTC
G6_4_G9	NTC_Trunc53_20Cy	NTC
G6_4_H1	NTC_Stan_20Cy	NTC
G6_4_H10	NTC_Trunc53_20Cy	NTC
G6_4_H11	NTC_Trunc53_20Cy	NTC
G6_4_H12	NTC_Trunc53_20Cy	NTC
G6_4_H2	NTC_Stan_20Cy	NTC
G6_4_H3	NTC_Stan_20Cy	NTC
G6_4_H4	NTC_Stan_20Cy	NTC
G6_4_H5	NTC_Trunc50_20Cy	NTC
G6_4_H6	NTC_Trunc50_20Cy	NTC
G6_4_H7	NTC_Trunc50_20Cy	NTC
G6_4_H8	NTC_Trunc50_20Cy	NTC
G6_4_H9	NTC_Trunc53_20Cy	NTC