sample_name	condition	pool
G4_1_A1	Feces_Stan_24Cy	Feces
G4_1_A10	Feces_Trunc53_24Cy	Feces
G4_1_A11	Feces_Trunc53_24Cy	Feces
G4_1_A12	Feces_Trunc53_24Cy	Feces
G4_1_A2	Feces_Stan_24Cy	Feces
G4_1_A3	Feces_Stan_24Cy	Feces
G4_1_A4	Feces_Stan_24Cy	Feces
G4_1_A5	Feces_Trunc50_24Cy	Feces
G4_1_A6	Feces_Trunc50_24Cy	Feces
G4_1_A7	Feces_Trunc50_24Cy	Feces
G4_1_A8	Feces_Trunc50_24Cy	Feces
G4_1_A9	Feces_Trunc53_24Cy	Feces
G4_1_B1	Feces_Stan_24Cy	Feces
G4_1_B10	Feces_Trunc53_24Cy	Feces
G4_1_B11	Feces_Trunc53_24Cy	Feces
G4_1_B12	Feces_Trunc53_24Cy	Feces
G4_1_B2	Feces_Stan_24Cy	Feces
G4_1_B3	Feces_Stan_24Cy	Feces
G4_1_B4	Feces_Stan_24Cy	Feces
G4_1_B5	Feces_Trunc50_24Cy	Feces
G4_1_B6	Feces_Trunc50_24Cy	Feces
G4_1_B7	Feces_Trunc50_24Cy	Feces
G4_1_B8	Feces_Trunc50_24Cy	Feces
G4_1_B9	Feces_Trunc53_24Cy	Feces
G4_1_C1	Feces_Stan_24Cy	Feces
G4_1_C10	Feces_Trunc53_24Cy	Feces
G4_1_C11	Feces_Trunc53_24Cy	Feces
G4_1_C12	Feces_Trunc53_24Cy	Feces
G4_1_C2	Feces_Stan_24Cy	Feces
G4_1_C3	Feces_Stan_24Cy	Feces
G4_1_C4	Feces_Stan_24Cy	Feces
G4_1_C5	Feces_Trunc50_24Cy	Feces
G4_1_C6	Feces_Trunc50_24Cy	Feces
G4_1_C7	Feces_Trunc50_24Cy	Feces
G4_1_C8	Feces_Trunc50_24Cy	Feces
G4_1_C9	Feces_Trunc53_24Cy	Feces
G4_1_D1	Feces_Stan_24Cy	Feces
G4_1_D10	Feces_Trunc53_24Cy	Feces
G4_1_D11	Feces_Trunc53_24Cy	Feces
G4_1_D12	Feces_Trunc53_24Cy	Feces
G4_1_D2	Feces_Stan_24Cy	Feces
G4_1_D3	Feces_Stan_24Cy	Feces
G4_1_D4	Feces_Stan_24Cy	Feces
G4_1_D5	Feces_Trunc50_24Cy	Feces
G4_1_D6	Feces_Trunc50_24Cy	Feces
G4_1_D7	Feces_Trunc50_24Cy	Feces
G4_1_D8	Feces_Trunc50_24Cy	Feces
G4_1_D9	Feces_Trunc53_24Cy	Feces
G4_1_E1	NTC_Stan_24Cy	Feces
G4_1_E10	NTC_Trunc53_24Cy	Feces
G4_1_E11	NTC_Trunc53_24Cy	Feces
G4_1_E12	NTC_Trunc53_24Cy	Feces
G4_1_E2	NTC_Stan_24Cy	Feces
G4_1_E3	NTC_Stan_24Cy	Feces
G4_1_E4	NTC_Stan_24Cy	Feces
G4_1_E5	NTC_Trunc50_24Cy	Feces
G4_1_E6	NTC_Trunc50_24Cy	Feces
G4_1_E7	NTC_Trunc50_24Cy	Feces
G4_1_E8	NTC_Trunc50_24Cy	Feces
G4_1_E9	NTC_Trunc53_24Cy	Feces
G4_1_F1	NTC_Stan_24Cy	Feces
G4_1_F10	NTC_Trunc53_24Cy	Feces
G4_1_F11	NTC_Trunc53_24Cy	Feces
G4_1_F12	NTC_Trunc53_24Cy	Feces
G4_1_F2	NTC_Stan_24Cy	Feces
G4_1_F3	NTC_Stan_24Cy	Feces
G4_1_F4	NTC_Stan_24Cy	Feces
G4_1_F5	NTC_Trunc50_24Cy	Feces
G4_1_F6	NTC_Trunc50_24Cy	Feces
G4_1_F7	NTC_Trunc50_24Cy	Feces
G4_1_F8	NTC_Trunc50_24Cy	Feces
G4_1_F9	NTC_Trunc53_24Cy	Feces
G4_1_G1	NTC_Stan_24Cy	Feces
G4_1_G10	NTC_Trunc53_24Cy	Feces
G4_1_G11	NTC_Trunc53_24Cy	Feces
G4_1_G12	NTC_Trunc53_24Cy	Feces
G4_1_G2	NTC_Stan_24Cy	Feces
G4_1_G3	NTC_Stan_24Cy	Feces
G4_1_G4	NTC_Stan_24Cy	Feces
G4_1_G5	NTC_Trunc50_24Cy	Feces
G4_1_G6	NTC_Trunc50_24Cy	Feces
G4_1_G7	NTC_Trunc50_24Cy	Feces
G4_1_G8	NTC_Trunc50_24Cy	Feces
G4_1_G9	NTC_Trunc53_24Cy	Feces
G4_1_H1	NTC_Stan_24Cy	Feces
G4_1_H10	NTC_Trunc53_24Cy	Feces
G4_1_H11	NTC_Trunc53_24Cy	Feces
G4_1_H12	NTC_Trunc53_24Cy	Feces
G4_1_H2	NTC_Stan_24Cy	Feces
G4_1_H3	NTC_Stan_24Cy	Feces
G4_1_H4	NTC_Stan_24Cy	Feces
G4_1_H5	NTC_Trunc50_24Cy	Feces
G4_1_H6	NTC_Trunc50_24Cy	Feces
G4_1_H7	NTC_Trunc50_24Cy	Feces
G4_1_H8	NTC_Trunc50_24Cy	Feces
G4_1_H9	NTC_Trunc53_24Cy	Feces
G4_2_A1	Feces_Stan_Targ350FL	Feces
G4_2_A10	Feces_Trunc53_Targ350FL	Feces
G4_2_A11	Feces_Trunc53_Targ350FL	Feces
G4_2_A12	Feces_Trunc53_Targ350FL	Feces
G4_2_A2	Feces_Stan_Targ350FL	Feces
G4_2_A3	Feces_Stan_Targ350FL	Feces
G4_2_A4	Feces_Stan_Targ350FL	Feces
G4_2_A5	Feces_Trunc50_Targ350FL	Feces
G4_2_A6	Feces_Trunc50_Targ350FL	Feces
G4_2_A7	Feces_Trunc50_Targ350FL	Feces
G4_2_A8	Feces_Trunc50_Targ350FL	Feces
G4_2_A9	Feces_Trunc53_Targ350FL	Feces
G4_2_B1	Feces_Stan_Targ350FL	Feces
G4_2_B10	Feces_Trunc53_Targ350FL	Feces
G4_2_B11	Feces_Trunc53_Targ350FL	Feces
G4_2_B12	Feces_Trunc53_Targ350FL	Feces
G4_2_B2	Feces_Stan_Targ350FL	Feces
G4_2_B3	Feces_Stan_Targ350FL	Feces
G4_2_B4	Feces_Stan_Targ350FL	Feces
G4_2_B5	Feces_Trunc50_Targ350FL	Feces
G4_2_B6	Feces_Trunc50_Targ350FL	Feces
G4_2_B7	Feces_Trunc50_Targ350FL	Feces
G4_2_B8	Feces_Trunc50_Targ350FL	Feces
G4_2_B9	Feces_Trunc53_Targ350FL	Feces
G4_2_C1	Feces_Stan_Targ350FL	Feces
G4_2_C10	Feces_Trunc53_Targ350FL	Feces
G4_2_C11	Feces_Trunc53_Targ350FL	Feces
G4_2_C12	Feces_Trunc53_Targ350FL	Feces
G4_2_C2	Feces_Stan_Targ350FL	Feces
G4_2_C3	Feces_Stan_Targ350FL	Feces
G4_2_C4	Feces_Stan_Targ350FL	Feces
G4_2_C5	Feces_Trunc50_Targ350FL	Feces
G4_2_C6	Feces_Trunc50_Targ350FL	Feces
G4_2_C7	Feces_Trunc50_Targ350FL	Feces
G4_2_C8	Feces_Trunc50_Targ350FL	Feces
G4_2_C9	Feces_Trunc53_Targ350FL	Feces
G4_2_D1	Feces_Stan_Targ350FL	Feces
G4_2_D10	Feces_Trunc53_Targ350FL	Feces
G4_2_D11	Feces_Trunc53_Targ350FL	Feces
G4_2_D12	Feces_Trunc53_Targ350FL	Feces
G4_2_D2	Feces_Stan_Targ350FL	Feces
G4_2_D3	Feces_Stan_Targ350FL	Feces
G4_2_D4	Feces_Stan_Targ350FL	Feces
G4_2_D5	Feces_Trunc50_Targ350FL	Feces
G4_2_D6	Feces_Trunc50_Targ350FL	Feces
G4_2_D7	Feces_Trunc50_Targ350FL	Feces
G4_2_D8	Feces_Trunc50_Targ350FL	Feces
G4_2_D9	Feces_Trunc53_Targ350FL	Feces
G4_2_E1	NTC_Stan_18Cy	Feces
G4_2_E10	NTC_Trunc53_18Cy	Feces
G4_2_E11	NTC_Trunc53_18Cy	Feces
G4_2_E12	NTC_Trunc53_18Cy	Feces
G4_2_E2	NTC_Stan_18Cy	Feces
G4_2_E3	NTC_Stan_18Cy	Feces
G4_2_E4	NTC_Stan_18Cy	Feces
G4_2_E5	NTC_Trunc50_18Cy	Feces
G4_2_E6	NTC_Trunc50_18Cy	Feces
G4_2_E7	NTC_Trunc50_18Cy	Feces
G4_2_E8	NTC_Trunc50_18Cy	Feces
G4_2_E9	NTC_Trunc53_18Cy	Feces
G4_2_F1	NTC_Stan_18Cy	Feces
G4_2_F10	NTC_Trunc53_18Cy	Feces
G4_2_F11	NTC_Trunc53_18Cy	Feces
G4_2_F12	NTC_Trunc53_18Cy	Feces
G4_2_F2	NTC_Stan_18Cy	Feces
G4_2_F3	NTC_Stan_18Cy	Feces
G4_2_F4	NTC_Stan_18Cy	Feces
G4_2_F5	NTC_Trunc50_18Cy	Feces
G4_2_F6	NTC_Trunc50_18Cy	Feces
G4_2_F7	NTC_Trunc50_18Cy	Feces
G4_2_F8	NTC_Trunc50_18Cy	Feces
G4_2_F9	NTC_Trunc53_18Cy	Feces
G4_2_G1	NTC_Stan_18Cy	Feces
G4_2_G10	NTC_Trunc53_18Cy	Feces
G4_2_G11	NTC_Trunc53_18Cy	Feces
G4_2_G12	NTC_Trunc53_18Cy	Feces
G4_2_G2	NTC_Stan_18Cy	Feces
G4_2_G3	NTC_Stan_18Cy	Feces
G4_2_G4	NTC_Stan_18Cy	Feces
G4_2_G5	NTC_Trunc50_18Cy	Feces
G4_2_G6	NTC_Trunc50_18Cy	Feces
G4_2_G7	NTC_Trunc50_18Cy	Feces
G4_2_G8	NTC_Trunc50_18Cy	Feces
G4_2_G9	NTC_Trunc53_18Cy	Feces
G4_2_H1	NTC_Stan_18Cy	Feces
G4_2_H10	NTC_Trunc53_18Cy	Feces
G4_2_H11	NTC_Trunc53_18Cy	Feces
G4_2_H12	NTC_Trunc53_18Cy	Feces
G4_2_H2	NTC_Stan_18Cy	Feces
G4_2_H3	NTC_Stan_18Cy	Feces
G4_2_H4	NTC_Stan_18Cy	Feces
G4_2_H5	NTC_Trunc50_18Cy	Feces
G4_2_H6	NTC_Trunc50_18Cy	Feces
G4_2_H7	NTC_Trunc50_18Cy	Feces
G4_2_H8	NTC_Trunc50_18Cy	Feces
G4_2_H9	NTC_Trunc53_18Cy	Feces
G6_3_A1	Skin_Stan_24Cy	Skin
G6_3_A10	Skin_Trunc53_24Cy	Skin
G6_3_A11	Skin_Trunc53_24Cy	Skin
G6_3_A12	Skin_Trunc53_24Cy	Skin
G6_3_A2	Skin_Stan_24Cy	Skin
G6_3_A3	Skin_Stan_24Cy	Skin
G6_3_A4	Skin_Stan_24Cy	Skin
G6_3_A5	Skin_Trunc50_24Cy	Skin
G6_3_A6	Skin_Trunc50_24Cy	Skin
G6_3_A7	Skin_Trunc50_24Cy	Skin
G6_3_A8	Skin_Trunc50_24Cy	Skin
G6_3_A9	Skin_Trunc53_24Cy	Skin
G6_3_B1	Skin_Stan_24Cy	Skin
G6_3_B10	Skin_Trunc53_24Cy	Skin
G6_3_B11	Skin_Trunc53_24Cy	Skin
G6_3_B12	Skin_Trunc53_24Cy	Skin
G6_3_B2	Skin_Stan_24Cy	Skin
G6_3_B3	Skin_Stan_24Cy	Skin
G6_3_B4	Skin_Stan_24Cy	Skin
G6_3_B5	Skin_Trunc50_24Cy	Skin
G6_3_B6	Skin_Trunc50_24Cy	Skin
G6_3_B7	Skin_Trunc50_24Cy	Skin
G6_3_B8	Skin_Trunc50_24Cy	Skin
G6_3_B9	Skin_Trunc53_24Cy	Skin
G6_3_C1	Skin_Stan_24Cy	Skin
G6_3_C10	Skin_Trunc53_24Cy	Skin
G6_3_C11	Skin_Trunc53_24Cy	Skin
G6_3_C12	Skin_Trunc53_24Cy	Skin
G6_3_C2	Skin_Stan_24Cy	Skin
G6_3_C3	Skin_Stan_24Cy	Skin
G6_3_C4	Skin_Stan_24Cy	Skin
G6_3_C5	Skin_Trunc50_24Cy	Skin
G6_3_C6	Skin_Trunc50_24Cy	Skin
G6_3_C7	Skin_Trunc50_24Cy	Skin
G6_3_C8	Skin_Trunc50_24Cy	Skin
G6_3_C9	Skin_Trunc53_24Cy	Skin
G6_3_D1	Skin_Stan_24Cy	Skin
G6_3_D10	Skin_Trunc53_24Cy	Skin
G6_3_D11	Skin_Trunc53_24Cy	Skin
G6_3_D12	Skin_Trunc53_24Cy	Skin
G6_3_D2	Skin_Stan_24Cy	Skin
G6_3_D3	Skin_Stan_24Cy	Skin
G6_3_D4	Skin_Stan_24Cy	Skin
G6_3_D5	Skin_Trunc50_24Cy	Skin
G6_3_D6	Skin_Trunc50_24Cy	Skin
G6_3_D7	Skin_Trunc50_24Cy	Skin
G6_3_D8	Skin_Trunc50_24Cy	Skin
G6_3_D9	Skin_Trunc53_24Cy	Skin
G6_3_E1	NTC_Stan_24Cy	Skin
G6_3_E10	NTC_Trunc53_24Cy	Skin
G6_3_E11	NTC_Trunc53_24Cy	Skin
G6_3_E12	NTC_Trunc53_24Cy	Skin
G6_3_E2	NTC_Stan_24Cy	Skin
G6_3_E3	NTC_Stan_24Cy	Skin
G6_3_E4	NTC_Stan_24Cy	Skin
G6_3_E5	NTC_Trunc50_24Cy	Skin
G6_3_E6	NTC_Trunc50_24Cy	Skin
G6_3_E7	NTC_Trunc50_24Cy	Skin
G6_3_E8	NTC_Trunc50_24Cy	Skin
G6_3_E9	NTC_Trunc53_24Cy	Skin
G6_3_F1	NTC_Stan_24Cy	Skin
G6_3_F10	NTC_Trunc53_24Cy	Skin
G6_3_F11	NTC_Trunc53_24Cy	Skin
G6_3_F12	NTC_Trunc53_24Cy	Skin
G6_3_F2	NTC_Stan_24Cy	Skin
G6_3_F3	NTC_Stan_24Cy	Skin
G6_3_F4	NTC_Stan_24Cy	Skin
G6_3_F5	NTC_Trunc50_24Cy	Skin
G6_3_F6	NTC_Trunc50_24Cy	Skin
G6_3_F7	NTC_Trunc50_24Cy	Skin
G6_3_F8	NTC_Trunc50_24Cy	Skin
G6_3_F9	NTC_Trunc53_24Cy	Skin
G6_3_G1	NTC_Stan_24Cy	Skin
G6_3_G10	NTC_Trunc53_24Cy	Skin
G6_3_G11	NTC_Trunc53_24Cy	Skin
G6_3_G12	NTC_Trunc53_24Cy	Skin
G6_3_G2	NTC_Stan_24Cy	Skin
G6_3_G3	NTC_Stan_24Cy	Skin
G6_3_G4	NTC_Stan_24Cy	Skin
G6_3_G5	NTC_Trunc50_24Cy	Skin
G6_3_G6	NTC_Trunc50_24Cy	Skin
G6_3_G7	NTC_Trunc50_24Cy	Skin
G6_3_G8	NTC_Trunc50_24Cy	Skin
G6_3_G9	NTC_Trunc53_24Cy	Skin
G6_3_H1	NTC_Stan_24Cy	Skin
G6_3_H10	NTC_Trunc53_24Cy	Skin
G6_3_H11	NTC_Trunc53_24Cy	Skin
G6_3_H12	NTC_Trunc53_24Cy	Skin
G6_3_H2	NTC_Stan_24Cy	Skin
G6_3_H3	NTC_Stan_24Cy	Skin
G6_3_H4	NTC_Stan_24Cy	Skin
G6_3_H5	NTC_Trunc50_24Cy	Skin
G6_3_H6	NTC_Trunc50_24Cy	Skin
G6_3_H7	NTC_Trunc50_24Cy	Skin
G6_3_H8	NTC_Trunc50_24Cy	Skin
G6_3_H9	NTC_Trunc53_24Cy	Skin
G6_4_A1	Skin_Stan_Targ2500FL	Skin
G6_4_A10	Skin_Trunc53_Targ2500FL	Skin
G6_4_A11	Skin_Trunc53_Targ2500FL	Skin
G6_4_A12	Skin_Trunc53_Targ2500FL	Skin
G6_4_A2	Skin_Stan_Targ2500FL	Skin
G6_4_A3	Skin_Stan_Targ2500FL	Skin
G6_4_A4	Skin_Stan_Targ2500FL	Skin
G6_4_A5	Skin_Trunc50_Targ2500FL	Skin
G6_4_A6	Skin_Trunc50_Targ2500FL	Skin
G6_4_A7	Skin_Trunc50_Targ2500FL	Skin
G6_4_A8	Skin_Trunc50_Targ2500FL	Skin
G6_4_A9	Skin_Trunc53_Targ2500FL	Skin
G6_4_B1	Skin_Stan_Targ2500FL	Skin
G6_4_B10	Skin_Trunc53_Targ2500FL	Skin
G6_4_B11	Skin_Trunc53_Targ2500FL	Skin
G6_4_B12	Skin_Trunc53_Targ2500FL	Skin
G6_4_B2	Skin_Stan_Targ2500FL	Skin
G6_4_B3	Skin_Stan_Targ2500FL	Skin
G6_4_B4	Skin_Stan_Targ2500FL	Skin
G6_4_B5	Skin_Trunc50_Targ2500FL	Skin
G6_4_B6	Skin_Trunc50_Targ2500FL	Skin
G6_4_B7	Skin_Trunc50_Targ2500FL	Skin
G6_4_B8	Skin_Trunc50_Targ2500FL	Skin
G6_4_B9	Skin_Trunc53_Targ2500FL	Skin
G6_4_C1	Skin_Stan_Targ2500FL	Skin
G6_4_C10	Skin_Trunc53_Targ2500FL	Skin
G6_4_C11	Skin_Trunc53_Targ2500FL	Skin
G6_4_C12	Skin_Trunc53_Targ2500FL	Skin
G6_4_C2	Skin_Stan_Targ2500FL	Skin
G6_4_C3	Skin_Stan_Targ2500FL	Skin
G6_4_C4	Skin_Stan_Targ2500FL	Skin
G6_4_C5	Skin_Trunc50_Targ2500FL	Skin
G6_4_C6	Skin_Trunc50_Targ2500FL	Skin
G6_4_C7	Skin_Trunc50_Targ2500FL	Skin
G6_4_C8	Skin_Trunc50_Targ2500FL	Skin
G6_4_C9	Skin_Trunc53_Targ2500FL	Skin
G6_4_D1	Skin_Stan_Targ2500FL	Skin
G6_4_D10	Skin_Trunc53_Targ2500FL	Skin
G6_4_D11	Skin_Trunc53_Targ2500FL	Skin
G6_4_D12	Skin_Trunc53_Targ2500FL	Skin
G6_4_D2	Skin_Stan_Targ2500FL	Skin
G6_4_D3	Skin_Stan_Targ2500FL	Skin
G6_4_D4	Skin_Stan_Targ2500FL	Skin
G6_4_D5	Skin_Trunc50_Targ2500FL	Skin
G6_4_D6	Skin_Trunc50_Targ2500FL	Skin
G6_4_D7	Skin_Trunc50_Targ2500FL	Skin
G6_4_D8	Skin_Trunc50_Targ2500FL	Skin
G6_4_D9	Skin_Trunc53_Targ2500FL	Skin
G6_4_E1	NTC_Stan_20Cy	Skin
G6_4_E10	NTC_Trunc53_20Cy	Skin
G6_4_E11	NTC_Trunc53_20Cy	Skin
G6_4_E12	NTC_Trunc53_20Cy	Skin
G6_4_E2	NTC_Stan_20Cy	Skin
G6_4_E3	NTC_Stan_20Cy	Skin
G6_4_E4	NTC_Stan_20Cy	Skin
G6_4_E5	NTC_Trunc50_20Cy	Skin
G6_4_E6	NTC_Trunc50_20Cy	Skin
G6_4_E7	NTC_Trunc50_20Cy	Skin
G6_4_E8	NTC_Trunc50_20Cy	Skin
G6_4_E9	NTC_Trunc53_20Cy	Skin
G6_4_F1	NTC_Stan_20Cy	Skin
G6_4_F10	NTC_Trunc53_20Cy	Skin
G6_4_F11	NTC_Trunc53_20Cy	Skin
G6_4_F12	NTC_Trunc53_20Cy	Skin
G6_4_F2	NTC_Stan_20Cy	Skin
G6_4_F3	NTC_Stan_20Cy	Skin
G6_4_F4	NTC_Stan_20Cy	Skin
G6_4_F5	NTC_Trunc50_20Cy	Skin
G6_4_F6	NTC_Trunc50_20Cy	Skin
G6_4_F7	NTC_Trunc50_20Cy	Skin
G6_4_F8	NTC_Trunc50_20Cy	Skin
G6_4_F9	NTC_Trunc53_20Cy	Skin
G6_4_G1	NTC_Stan_20Cy	Skin
G6_4_G10	NTC_Trunc53_20Cy	Skin
G6_4_G11	NTC_Trunc53_20Cy	Skin
G6_4_G12	NTC_Trunc53_20Cy	Skin
G6_4_G2	NTC_Stan_20Cy	Skin
G6_4_G3	NTC_Stan_20Cy	Skin
G6_4_G4	NTC_Stan_20Cy	Skin
G6_4_G5	NTC_Trunc50_20Cy	Skin
G6_4_G6	NTC_Trunc50_20Cy	Skin
G6_4_G7	NTC_Trunc50_20Cy	Skin
G6_4_G8	NTC_Trunc50_20Cy	Skin
G6_4_G9	NTC_Trunc53_20Cy	Skin
G6_4_H1	NTC_Stan_20Cy	Skin
G6_4_H10	NTC_Trunc53_20Cy	Skin
G6_4_H11	NTC_Trunc53_20Cy	Skin
G6_4_H12	NTC_Trunc53_20Cy	Skin
G6_4_H2	NTC_Stan_20Cy	Skin
G6_4_H3	NTC_Stan_20Cy	Skin
G6_4_H4	NTC_Stan_20Cy	Skin
G6_4_H5	NTC_Trunc50_20Cy	Skin
G6_4_H6	NTC_Trunc50_20Cy	Skin
G6_4_H7	NTC_Trunc50_20Cy	Skin
G6_4_H8	NTC_Trunc50_20Cy	Skin
G6_4_H9	NTC_Trunc53_20Cy	Skin
G10_7_A10	Soil_Stan_FC2x	Soil
G10_7_A11	Soil_Trunc50_FC2x	Soil
G10_7_A12	Soil_Trunc53_FC2x	Soil
G10_7_A7	Soil_Stan_Slope	Soil
G10_7_A8	Soil_Trunc50_Slope	Soil
G10_7_A9	Soil_Trunc53_Slope	Soil
G10_7_B10	Soil_Stan_FC2x	Soil
G10_7_B11	Soil_Trunc50_FC2x	Soil
G10_7_B12	Soil_Trunc53_FC2x	Soil
G10_7_B7	Soil_Stan_Slope	Soil
G10_7_B8	Soil_Trunc50_Slope	Soil
G10_7_B9	Soil_Trunc53_Slope	Soil
G10_7_C10	Soil_Stan_FC2x	Soil
G10_7_C11	Soil_Trunc50_FC2x	Soil
G10_7_C12	Soil_Trunc53_FC2x	Soil
G10_7_C7	Soil_Stan_Slope	Soil
G10_7_C8	Soil_Trunc50_Slope	Soil
G10_7_C9	Soil_Trunc53_Slope	Soil
G10_7_D10	Soil_Stan_FC2x	Soil
G10_7_D11	Soil_Trunc50_FC2x	Soil
G10_7_D12	Soil_Trunc53_FC2x	Soil
G10_7_D7	Soil_Stan_Slope	Soil
G10_7_D8	Soil_Trunc50_Slope	Soil
G10_7_D9	Soil_Trunc53_Slope	Soil
G10_7_E10	NTC_Stan_FC2x	Soil
G10_7_E11	NTC_Trunc50_FC2x	Soil
G10_7_E12	NTC_Trunc53_FC2x	Soil
G10_7_E7	NTC_Stan_Slope	Soil
G10_7_E8	NTC_Trunc50_Slope	Soil
G10_7_E9	NTC_Trunc53_Slope	Soil
G10_7_F10	NTC_Stan_FC2x	Soil
G10_7_F11	NTC_Trunc50_FC2x	Soil
G10_7_F12	NTC_Trunc53_FC2x	Soil
G10_7_F7	NTC_Stan_Slope	Soil
G10_7_F8	NTC_Trunc50_Slope	Soil
G10_7_F9	NTC_Trunc53_Slope	Soil
G10_7_G10	NTC_Stan_FC2x	Soil
G10_7_G11	NTC_Trunc50_FC2x	Soil
G10_7_G12	NTC_Trunc53_FC2x	Soil
G10_7_G7	NTC_Stan_Slope	Soil
G10_7_G8	NTC_Trunc50_Slope	Soil
G10_7_G9	NTC_Trunc53_Slope	Soil
G10_7_H10	NTC_Stan_FC2x	Soil
G10_7_H11	NTC_Trunc50_FC2x	Soil
G10_7_H12	NTC_Trunc53_FC2x	Soil
G10_7_H7	NTC_Stan_Slope	Soil
G10_7_H8	NTC_Trunc50_Slope	Soil
G10_7_H9	NTC_Trunc53_Slope	Soil
G7_5_A1	Soil_Stan_24Cy	Soil
G7_5_A10	Soil_Trunc53_24Cy	Soil
G7_5_A11	Soil_Trunc53_24Cy	Soil
G7_5_A12	Soil_Trunc53_24Cy	Soil
G7_5_A2	Soil_Stan_24Cy	Soil
G7_5_A3	Soil_Stan_24Cy	Soil
G7_5_A4	Soil_Stan_24Cy	Soil
G7_5_A5	Soil_Trunc50_24Cy	Soil
G7_5_A6	Soil_Trunc50_24Cy	Soil
G7_5_A7	Soil_Trunc50_24Cy	Soil
G7_5_A8	Soil_Trunc50_24Cy	Soil
G7_5_A9	Soil_Trunc53_24Cy	Soil
G7_5_B1	Soil_Stan_24Cy	Soil
G7_5_B10	Soil_Trunc53_24Cy	Soil
G7_5_B11	Soil_Trunc53_24Cy	Soil
G7_5_B12	Soil_Trunc53_24Cy	Soil
G7_5_B2	Soil_Stan_24Cy	Soil
G7_5_B3	Soil_Stan_24Cy	Soil
G7_5_B4	Soil_Stan_24Cy	Soil
G7_5_B5	Soil_Trunc50_24Cy	Soil
G7_5_B6	Soil_Trunc50_24Cy	Soil
G7_5_B7	Soil_Trunc50_24Cy	Soil
G7_5_B8	Soil_Trunc50_24Cy	Soil
G7_5_B9	Soil_Trunc53_24Cy	Soil
G7_5_C1	Soil_Stan_24Cy	Soil
G7_5_C10	Soil_Trunc53_24Cy	Soil
G7_5_C11	Soil_Trunc53_24Cy	Soil
G7_5_C12	Soil_Trunc53_24Cy	Soil
G7_5_C2	Soil_Stan_24Cy	Soil
G7_5_C3	Soil_Stan_24Cy	Soil
G7_5_C4	Soil_Stan_24Cy	Soil
G7_5_C5	Soil_Trunc50_24Cy	Soil
G7_5_C6	Soil_Trunc50_24Cy	Soil
G7_5_C7	Soil_Trunc50_24Cy	Soil
G7_5_C8	Soil_Trunc50_24Cy	Soil
G7_5_C9	Soil_Trunc53_24Cy	Soil
G7_5_D1	Soil_Stan_24Cy	Soil
G7_5_D10	Soil_Trunc53_24Cy	Soil
G7_5_D11	Soil_Trunc53_24Cy	Soil
G7_5_D12	Soil_Trunc53_24Cy	Soil
G7_5_D2	Soil_Stan_24Cy	Soil
G7_5_D3	Soil_Stan_24Cy	Soil
G7_5_D4	Soil_Stan_24Cy	Soil
G7_5_D5	Soil_Trunc50_24Cy	Soil
G7_5_D6	Soil_Trunc50_24Cy	Soil
G7_5_D7	Soil_Trunc50_24Cy	Soil
G7_5_D8	Soil_Trunc50_24Cy	Soil
G7_5_D9	Soil_Trunc53_24Cy	Soil
G7_5_E1	NTC_Stan_24Cy	Soil
G7_5_E10	NTC_Trunc53_24Cy	Soil
G7_5_E11	NTC_Trunc53_24Cy	Soil
G7_5_E12	NTC_Trunc53_24Cy	Soil
G7_5_E2	NTC_Stan_24Cy	Soil
G7_5_E3	NTC_Stan_24Cy	Soil
G7_5_E4	NTC_Stan_24Cy	Soil
G7_5_E5	NTC_Trunc50_24Cy	Soil
G7_5_E6	NTC_Trunc50_24Cy	Soil
G7_5_E7	NTC_Trunc50_24Cy	Soil
G7_5_E8	NTC_Trunc50_24Cy	Soil
G7_5_E9	NTC_Trunc53_24Cy	Soil
G7_5_F1	NTC_Stan_24Cy	Soil
G7_5_F10	NTC_Trunc53_24Cy	Soil
G7_5_F11	NTC_Trunc53_24Cy	Soil
G7_5_F12	NTC_Trunc53_24Cy	Soil
G7_5_F2	NTC_Stan_24Cy	Soil
G7_5_F3	NTC_Stan_24Cy	Soil
G7_5_F4	NTC_Stan_24Cy	Soil
G7_5_F5	NTC_Trunc50_24Cy	Soil
G7_5_F6	NTC_Trunc50_24Cy	Soil
G7_5_F7	NTC_Trunc50_24Cy	Soil
G7_5_F8	NTC_Trunc50_24Cy	Soil
G7_5_F9	NTC_Trunc53_24Cy	Soil
G7_5_G1	NTC_Stan_24Cy	Soil
G7_5_G10	NTC_Trunc53_24Cy	Soil
G7_5_G11	NTC_Trunc53_24Cy	Soil
G7_5_G12	NTC_Trunc53_24Cy	Soil
G7_5_G2	NTC_Stan_24Cy	Soil
G7_5_G3	NTC_Stan_24Cy	Soil
G7_5_G4	NTC_Stan_24Cy	Soil
G7_5_G5	NTC_Trunc50_24Cy	Soil
G7_5_G6	NTC_Trunc50_24Cy	Soil
G7_5_G7	NTC_Trunc50_24Cy	Soil
G7_5_G8	NTC_Trunc50_24Cy	Soil
G7_5_G9	NTC_Trunc53_24Cy	Soil
G7_5_H1	NTC_Stan_24Cy	Soil
G7_5_H10	NTC_Trunc53_24Cy	Soil
G7_5_H11	NTC_Trunc53_24Cy	Soil
G7_5_H12	NTC_Trunc53_24Cy	Soil
G7_5_H2	NTC_Stan_24Cy	Soil
G7_5_H3	NTC_Stan_24Cy	Soil
G7_5_H4	NTC_Stan_24Cy	Soil
G7_5_H5	NTC_Trunc50_24Cy	Soil
G7_5_H6	NTC_Trunc50_24Cy	Soil
G7_5_H7	NTC_Trunc50_24Cy	Soil
G7_5_H8	NTC_Trunc50_24Cy	Soil
G7_5_H9	NTC_Trunc53_24Cy	Soil
G7_6_A1	Soil_Stan_Targ5000FL	Soil
G7_6_A10	Soil_Trunc53_Targ5000FL	Soil
G7_6_A11	Soil_Trunc53_Targ5000FL	Soil
G7_6_A12	Soil_Trunc53_Targ5000FL	Soil
G7_6_A2	Soil_Stan_Targ5000FL	Soil
G7_6_A3	Soil_Stan_Targ5000FL	Soil
G7_6_A4	Soil_Stan_Targ5000FL	Soil
G7_6_A5	Soil_Trunc50_Targ5000FL	Soil
G7_6_A6	Soil_Trunc50_Targ5000FL	Soil
G7_6_A7	Soil_Trunc50_Targ5000FL	Soil
G7_6_A8	Soil_Trunc50_Targ5000FL	Soil
G7_6_A9	Soil_Trunc53_Targ5000FL	Soil
G7_6_B1	Soil_Stan_Targ5000FL	Soil
G7_6_B10	Soil_Trunc53_Targ5000FL	Soil
G7_6_B11	Soil_Trunc53_Targ5000FL	Soil
G7_6_B12	Soil_Trunc53_Targ5000FL	Soil
G7_6_B2	Soil_Stan_Targ5000FL	Soil
G7_6_B3	Soil_Stan_Targ5000FL	Soil
G7_6_B4	Soil_Stan_Targ5000FL	Soil
G7_6_B5	Soil_Trunc50_Targ5000FL	Soil
G7_6_B6	Soil_Trunc50_Targ5000FL	Soil
G7_6_B7	Soil_Trunc50_Targ5000FL	Soil
G7_6_B8	Soil_Trunc50_Targ5000FL	Soil
G7_6_B9	Soil_Trunc53_Targ5000FL	Soil
G7_6_C1	Soil_Stan_Targ5000FL	Soil
G7_6_C10	Soil_Trunc53_Targ5000FL	Soil
G7_6_C11	Soil_Trunc53_Targ5000FL	Soil
G7_6_C12	Soil_Trunc53_Targ5000FL	Soil
G7_6_C2	Soil_Stan_Targ5000FL	Soil
G7_6_C3	Soil_Stan_Targ5000FL	Soil
G7_6_C4	Soil_Stan_Targ5000FL	Soil
G7_6_C5	Soil_Trunc50_Targ5000FL	Soil
G7_6_C6	Soil_Trunc50_Targ5000FL	Soil
G7_6_C7	Soil_Trunc50_Targ5000FL	Soil
G7_6_C8	Soil_Trunc50_Targ5000FL	Soil
G7_6_C9	Soil_Trunc53_Targ5000FL	Soil
G7_6_D1	Soil_Stan_Targ5000FL	Soil
G7_6_D10	Soil_Trunc53_Targ5000FL	Soil
G7_6_D11	Soil_Trunc53_Targ5000FL	Soil
G7_6_D12	Soil_Trunc53_Targ5000FL	Soil
G7_6_D2	Soil_Stan_Targ5000FL	Soil
G7_6_D3	Soil_Stan_Targ5000FL	Soil
G7_6_D4	Soil_Stan_Targ5000FL	Soil
G7_6_D5	Soil_Trunc50_Targ5000FL	Soil
G7_6_D6	Soil_Trunc50_Targ5000FL	Soil
G7_6_D7	Soil_Trunc50_Targ5000FL	Soil
G7_6_D8	Soil_Trunc50_Targ5000FL	Soil
G7_6_D9	Soil_Trunc53_Targ5000FL	Soil
G7_6_E1	NTC_Stan_17Cy	Soil
G7_6_E10	NTC_Trunc53_17Cy	Soil
G7_6_E11	NTC_Trunc53_17Cy	Soil
G7_6_E12	NTC_Trunc53_17Cy	Soil
G7_6_E2	NTC_Stan_17Cy	Soil
G7_6_E3	NTC_Stan_17Cy	Soil
G7_6_E4	NTC_Stan_17Cy	Soil
G7_6_E5	NTC_Trunc50_17Cy	Soil
G7_6_E6	NTC_Trunc50_17Cy	Soil
G7_6_E7	NTC_Trunc50_17Cy	Soil
G7_6_E8	NTC_Trunc50_17Cy	Soil
G7_6_E9	NTC_Trunc53_17Cy	Soil
G7_6_F1	NTC_Stan_17Cy	Soil
G7_6_F10	NTC_Trunc53_17Cy	Soil
G7_6_F11	NTC_Trunc53_17Cy	Soil
G7_6_F12	NTC_Trunc53_17Cy	Soil
G7_6_F2	NTC_Stan_17Cy	Soil
G7_6_F3	NTC_Stan_17Cy	Soil
G7_6_F4	NTC_Stan_17Cy	Soil
G7_6_F5	NTC_Trunc50_17Cy	Soil
G7_6_F6	NTC_Trunc50_17Cy	Soil
G7_6_F7	NTC_Trunc50_17Cy	Soil
G7_6_F8	NTC_Trunc50_17Cy	Soil
G7_6_F9	NTC_Trunc53_17Cy	Soil
G7_6_G1	NTC_Stan_17Cy	Soil
G7_6_G10	NTC_Trunc53_17Cy	Soil
G7_6_G11	NTC_Trunc53_17Cy	Soil
G7_6_G12	NTC_Trunc53_17Cy	Soil
G7_6_G2	NTC_Stan_17Cy	Soil
G7_6_G3	NTC_Stan_17Cy	Soil
G7_6_G4	NTC_Stan_17Cy	Soil
G7_6_G5	NTC_Trunc50_17Cy	Soil
G7_6_G6	NTC_Trunc50_17Cy	Soil
G7_6_G7	NTC_Trunc50_17Cy	Soil
G7_6_G8	NTC_Trunc50_17Cy	Soil
G7_6_G9	NTC_Trunc53_17Cy	Soil
G7_6_H1	NTC_Stan_17Cy	Soil
G7_6_H10	NTC_Trunc53_17Cy	Soil
G7_6_H11	NTC_Trunc53_17Cy	Soil
G7_6_H12	NTC_Trunc53_17Cy	Soil
G7_6_H2	NTC_Stan_17Cy	Soil
G7_6_H3	NTC_Stan_17Cy	Soil
G7_6_H4	NTC_Stan_17Cy	Soil
G7_6_H5	NTC_Trunc50_17Cy	Soil
G7_6_H6	NTC_Trunc50_17Cy	Soil
G7_6_H7	NTC_Trunc50_17Cy	Soil
G7_6_H8	NTC_Trunc50_17Cy	Soil
G7_6_H9	NTC_Trunc53_17Cy	Soil
G9_7_A1	Soil_Stan_Slope	Soil
G9_7_A2	Soil_Trunc50_Slope	Soil
G9_7_A3	Soil_Trunc53_Slope	Soil
G9_7_A4	Soil_Stan_FC1.5x	Soil
G9_7_A5	Soil_Trunc50_FC1.5x	Soil
G9_7_A6	Soil_Trunc53_FC1.5x	Soil
G9_7_B1	Soil_Stan_Slope	Soil
G9_7_B2	Soil_Trunc50_Slope	Soil
G9_7_B3	Soil_Trunc53_Slope	Soil
G9_7_B4	Soil_Stan_FC1.5x	Soil
G9_7_B5	Soil_Trunc50_FC1.5x	Soil
G9_7_B6	Soil_Trunc53_FC1.5x	Soil
G9_7_C1	Soil_Stan_Slope	Soil
G9_7_C2	Soil_Trunc50_Slope	Soil
G9_7_C3	Soil_Trunc53_Slope	Soil
G9_7_C4	Soil_Stan_FC1.5x	Soil
G9_7_C5	Soil_Trunc50_FC1.5x	Soil
G9_7_C6	Soil_Trunc53_FC1.5x	Soil
G9_7_D1	Soil_Stan_Slope	Soil
G9_7_D2	Soil_Trunc50_Slope	Soil
G9_7_D3	Soil_Trunc53_Slope	Soil
G9_7_D4	Soil_Stan_FC1.5x	Soil
G9_7_D5	Soil_Trunc50_FC1.5x	Soil
G9_7_D6	Soil_Trunc53_FC1.5x	Soil
G9_7_E1	NTC_Stan_Slope	Soil
G9_7_E2	NTC_Trunc50_Slope	Soil
G9_7_E3	NTC_Trunc53_Slope	Soil
G9_7_E4	NTC_Stan_FC1.5x	Soil
G9_7_E5	NTC_Trunc50_FC1.5x	Soil
G9_7_E6	NTC_Trunc53_FC1.5x	Soil
G9_7_F1	NTC_Stan_Slope	Soil
G9_7_F2	NTC_Trunc50_Slope	Soil
G9_7_F3	NTC_Trunc53_Slope	Soil
G9_7_F4	NTC_Stan_FC1.5x	Soil
G9_7_F5	NTC_Trunc50_FC1.5x	Soil
G9_7_F6	NTC_Trunc53_FC1.5x	Soil
G9_7_G1	NTC_Stan_Slope	Soil
G9_7_G2	NTC_Trunc50_Slope	Soil
G9_7_G3	NTC_Trunc53_Slope	Soil
G9_7_G4	NTC_Stan_FC1.5x	Soil
G9_7_G5	NTC_Trunc50_FC1.5x	Soil
G9_7_G6	NTC_Trunc53_FC1.5x	Soil
G9_7_H1	NTC_Stan_Slope	Soil
G9_7_H2	NTC_Trunc50_Slope	Soil
G9_7_H3	NTC_Trunc53_Slope	Soil
G9_7_H4	NTC_Stan_FC1.5x	Soil
G9_7_H5	NTC_Trunc50_FC1.5x	Soil
G9_7_H6	NTC_Trunc53_FC1.5x	Soil
